<?xml version="1.0" encoding="UTF-8"?>
<metadata xml:lang="en"><Esri><CreaDate>20180615</CreaDate><CreaTime>14022800</CreaTime><ArcGISFormat>1.0</ArcGISFormat><ArcGISstyle>FGDC CSDGM Metadata</ArcGISstyle><SyncOnce>FALSE</SyncOnce><DataProperties><itemProps><itemName Sync="TRUE">DPZMGR.COMP_PLAN_LAND_UNITS</itemName><imsContentType Sync="TRUE">002</imsContentType><nativeExtBox><westBL Sync="TRUE">11773451.713250</westBL><eastBL Sync="TRUE">11894565.482250</eastBL><southBL Sync="TRUE">6928750.280000</southBL><northBL Sync="TRUE">7039265.732000</northBL><exTypeCode Sync="TRUE">1</exTypeCode></nativeExtBox><itemLocation><linkage Sync="TRUE">Server=pora10; Service=sde:oracle11g:pora10; User=dpzmgr; Version=SDE.DEFAULT</linkage><protocol Sync="TRUE">ArcSDE Connection</protocol></itemLocation></itemProps><coordRef><type Sync="TRUE">Projected</type><geogcsn Sync="TRUE">GCS_North_American_1983</geogcsn><csUnits Sync="TRUE">Linear Unit: Foot_US (0.304801)</csUnits><projcsn Sync="TRUE">NAD_1983_StatePlane_Virginia_North_FIPS_4501_Feet</projcsn><peXml Sync="TRUE">&lt;ProjectedCoordinateSystem xsi:type='typens:ProjectedCoordinateSystem' xmlns:xsi='http://www.w3.org/2001/XMLSchema-instance' xmlns:xs='http://www.w3.org/2001/XMLSchema' xmlns:typens='http://www.esri.com/schemas/ArcGIS/10.1'&gt;&lt;WKT&gt;PROJCS[&amp;quot;NAD_1983_StatePlane_Virginia_North_FIPS_4501_Feet&amp;quot;,GEOGCS[&amp;quot;GCS_North_American_1983&amp;quot;,DATUM[&amp;quot;D_North_American_1983&amp;quot;,SPHEROID[&amp;quot;GRS_1980&amp;quot;,6378137.0,298.257222101]],PRIMEM[&amp;quot;Greenwich&amp;quot;,0.0],UNIT[&amp;quot;Degree&amp;quot;,0.0174532925199433]],PROJECTION[&amp;quot;Lambert_Conformal_Conic&amp;quot;],PARAMETER[&amp;quot;False_Easting&amp;quot;,11482916.66666666],PARAMETER[&amp;quot;False_Northing&amp;quot;,6561666.666666666],PARAMETER[&amp;quot;Central_Meridian&amp;quot;,-78.5],PARAMETER[&amp;quot;Standard_Parallel_1&amp;quot;,38.03333333333333],PARAMETER[&amp;quot;Standard_Parallel_2&amp;quot;,39.2],PARAMETER[&amp;quot;Latitude_Of_Origin&amp;quot;,37.66666666666666],UNIT[&amp;quot;Foot_US&amp;quot;,0.3048006096012192],AUTHORITY[&amp;quot;EPSG&amp;quot;,2283]]&lt;/WKT&gt;&lt;XOrigin&gt;-110512500&lt;/XOrigin&gt;&lt;YOrigin&gt;-88858000&lt;/YOrigin&gt;&lt;XYScale&gt;4000&lt;/XYScale&gt;&lt;ZOrigin&gt;0&lt;/ZOrigin&gt;&lt;ZScale&gt;1&lt;/ZScale&gt;&lt;MOrigin&gt;0&lt;/MOrigin&gt;&lt;MScale&gt;1&lt;/MScale&gt;&lt;XYTolerance&gt;0.002&lt;/XYTolerance&gt;&lt;ZTolerance&gt;2&lt;/ZTolerance&gt;&lt;MTolerance&gt;2&lt;/MTolerance&gt;&lt;HighPrecision&gt;true&lt;/HighPrecision&gt;&lt;WKID&gt;102746&lt;/WKID&gt;&lt;LatestWKID&gt;2283&lt;/LatestWKID&gt;&lt;/ProjectedCoordinateSystem&gt;</peXml></coordRef><lineage><Process ToolSource="c:\program files (x86)\arcgis\desktop10.2\ArcToolbox\Toolboxes\Data Management Tools.tbx\CalculateField" Date="20180616" Time="202326">CalculateField DISTRICTS_AND_SUBDISTRICTS XC [x] VB #</Process><Process ToolSource="c:\program files (x86)\arcgis\desktop10.2\ArcToolbox\Toolboxes\Data Management Tools.tbx\CalculateField" Date="20180616" Time="202339">CalculateField DISTRICTS_AND_SUBDISTRICTS YC [y] VB #</Process></lineage></DataProperties><SyncDate>20170821</SyncDate><SyncTime>08262800</SyncTime><ModDate>20170821</ModDate><ModTime>9015400</ModTime><scaleRange><minScale>150000000</minScale><maxScale>5000</maxScale></scaleRange><ArcGISProfile>FGDC</ArcGISProfile></Esri><dataIdInfo><envirDesc Sync="TRUE"> Version 6.2 (Build 9200) ; Esri ArcGIS 10.2.1.3497</envirDesc><dataLang><languageCode value="eng" Sync="TRUE"/><countryCode value="USA" Sync="TRUE"/></dataLang><idCitation><resTitle Sync="TRUE">DPZMGR.COMP_PLAN_LAND_UNITS</resTitle><presForm><PresFormCd value="005" Sync="TRUE"/></presForm></idCitation><spatRpType><SpatRepTypCd value="001" Sync="TRUE"/></spatRpType><dataExt><geoEle xmlns=""><GeoBndBox esriExtentType="search"><exTypeCode Sync="TRUE">1</exTypeCode><westBL Sync="TRUE">-77.482367</westBL><eastBL Sync="TRUE">-77.052107</eastBL><northBL Sync="TRUE">38.973682</northBL><southBL Sync="TRUE">38.665795</southBL></GeoBndBox></geoEle></dataExt><idPurp>This feature class represents the smallest geographic unit located in development centers as defined by the Fairfax County Comprehensive Plan.  The Comprehensive Plan text refers to these areas as land units, sub-units, districts, subareas, sub-blocks, and suburban neighborhoods, depending on what section of the Plan they are located.   For the purpose of this feature class and metadata, these areas are referred to generically as a geographic unit.
The purpose of this layer is to allow users to orient themselves to one aspect of the Comprehensive Plan geography in the GIS and find the Plan text associated with each geographic unit, in order to perform additional research on that unit.  Users can click on a polygon in this dataset and be directed to the website URL of the Comprehensive Plan text for the geographic unit to obtain more information about its planned land uses, intensities, and densities.  Users interested in a summary of what has been built within a particular geographic unit or development center in the County can visit the 2015 Existing Conditions Report.
Note: The data have been amended through March 14, 2017 and reflect Comprehensive Plan Amendment 2013-47 (2016-CW-3CP) and all previous amendments.  This feature class will be updated as new Plan Amendments are approved, if the boundaries of the geographic units are altered.  
</idPurp><idAbs>&lt;DIV STYLE="text-align:Left;"&gt;&lt;DIV&gt;&lt;DIV&gt;&lt;P STYLE="font-weight:bold;"&gt;&lt;SPAN&gt;&lt;SPAN&gt;Each geographic unit in this feature class is associated with one or more development centers, as defined by the Fairfax County Comprehensive Plan. The development center layer is available on the County’s GIS network (DPZMGR.DEVELOPMENT_CENTERS). However, in order to display more than one development center associated with a geographic unit, DPZMGR.Comp_Plan_Land_Units is related to another GIS table called Comp_Plan_LU_DevelCenters. If a geographic unit belongs to more than one development center, the data indicate which one is the primary development center and which on is the secondary. Below is a list and description of the fields within this feature class and its related table.&lt;/SPAN&gt;&lt;/SPAN&gt;&lt;/P&gt;&lt;P&gt;&lt;SPAN /&gt;&lt;/P&gt;&lt;/DIV&gt;&lt;/DIV&gt;&lt;/DIV&gt;</idAbs><idCredit> Department of Planning &amp; Zoning</idCredit></dataIdInfo><mdLang><languageCode value="eng" Sync="TRUE"/><countryCode value="USA" Sync="TRUE"/></mdLang><mdChar><CharSetCd value="004" Sync="TRUE"/></mdChar><distInfo><distFormat><formatName Sync="TRUE">SDE Feature Class</formatName></distFormat></distInfo><mdHrLv><ScopeCd value="005" Sync="TRUE"/></mdHrLv><mdHrLvName Sync="TRUE">dataset</mdHrLvName><refSysInfo><RefSystem><refSysID><identCode code="2283" Sync="TRUE"/><idCodeSpace Sync="TRUE">EPSG</idCodeSpace><idVersion Sync="TRUE">8.2.6</idVersion></refSysID></RefSystem></refSysInfo><spatRepInfo><VectSpatRep><geometObjs Name="DPZMGR.COMP_PLAN_LAND_UNITS"><geoObjTyp><GeoObjTypCd value="002" Sync="TRUE"/></geoObjTyp><geoObjCnt Sync="TRUE">504</geoObjCnt></geometObjs><topLvl><TopoLevCd value="001" Sync="TRUE"/></topLvl></VectSpatRep></spatRepInfo><spdoinfo><ptvctinf><esriterm Name="DPZMGR.COMP_PLAN_LAND_UNITS"><efeatyp Sync="TRUE">Simple</efeatyp><efeageom code="4" Sync="TRUE"/><esritopo Sync="TRUE">FALSE</esritopo><efeacnt Sync="TRUE">504</efeacnt><spindex Sync="TRUE">TRUE</spindex><linrefer Sync="TRUE">FALSE</linrefer></esriterm></ptvctinf></spdoinfo><eainfo><detailed Name="DPZMGR.COMP_PLAN_LAND_UNITS" xmlns=""><enttyp><enttypl Sync="TRUE">DPZMGR.COMP_PLAN_LAND_UNITS</enttypl><enttypt Sync="TRUE">Feature Class</enttypt><enttypc Sync="TRUE">504</enttypc></enttyp><attr xmlns=""><attrlabl Sync="TRUE">OBJECTID</attrlabl><attalias Sync="TRUE">OBJECTID</attalias><attrtype Sync="TRUE">OID</attrtype><attwidth Sync="TRUE">4</attwidth><atprecis Sync="TRUE">10</atprecis><attscale Sync="TRUE">0</attscale><attrdef Sync="TRUE">Internal feature number.</attrdef><attrdefs Sync="TRUE">Esri</attrdefs><attrdomv><udom Sync="TRUE">Sequential unique whole numbers that are automatically generated.</udom></attrdomv></attr><attr xmlns=""><attrlabl Sync="TRUE">PRIMARY_PLAN_GEO</attrlabl><attalias Sync="TRUE">Primary_Plan_Geo</attalias><attrtype Sync="TRUE">String</attrtype><attwidth Sync="TRUE">150</attwidth><atprecis Sync="TRUE">0</atprecis><attscale Sync="TRUE">0</attscale><attrdef>The name of the primary development center in which the geographic unit resides.</attrdef></attr><attr xmlns=""><attrlabl Sync="TRUE">GEO_UNIT</attrlabl><attalias Sync="TRUE">Geo_Unit</attalias><attrtype Sync="TRUE">String</attrtype><attwidth Sync="TRUE">50</attwidth><atprecis Sync="TRUE">0</atprecis><attscale Sync="TRUE">0</attscale><attrdef>Geographic Unit.  A generic field name for areas in the Comprehensive Plan for the purpose of this feature class and metadata.  These areas are sometimes referred to as land units, sub-units, districts, subareas, sub-blocks, and suburban neighborhoods, depending on what section of the Plan they are located.  Other than a parcel, the geographic unit is the smallest geographic area described in the Plan in terms of baseline or optional Plan recommendations, including land uses, densities, and intensities.</attrdef></attr><attr xmlns=""><attrlabl Sync="TRUE">GEO_UNIT_TYPE</attrlabl><attalias Sync="TRUE">Geo_Unit_Type</attalias><attrtype Sync="TRUE">String</attrtype><attwidth Sync="TRUE">50</attwidth><atprecis Sync="TRUE">0</atprecis><attscale Sync="TRUE">0</attscale><attrdef>The specific type of geographic unit as referenced in the Comprehensive Plan.  These areas are sometimes called land units, sub-units, districts, subareas, sub-blocks, and suburban neighborhoods, depending on what section of the Plan they are located</attrdef></attr><attr xmlns=""><attrlabl Sync="TRUE">MULTI_PLAN_GEO</attrlabl><attalias Sync="TRUE">Multi_Plan_Geo</attalias><attrtype Sync="TRUE">String</attrtype><attwidth Sync="TRUE">50</attwidth><atprecis Sync="TRUE">0</atprecis><attscale Sync="TRUE">0</attscale><attrdef>If a geographic unit belongs to more than one development center, the field value will be “Yes”, and if not, the value will be “No”.</attrdef></attr><attr xmlns=""><attrlabl Sync="TRUE">PLAN_URL</attrlabl><attalias Sync="TRUE">Plan_URL</attalias><attrtype Sync="TRUE">String</attrtype><attwidth Sync="TRUE">250</attwidth><atprecis Sync="TRUE">0</atprecis><attscale Sync="TRUE">0</attscale><attrdef>The website URL of the Comprehensive Plan text for the primary development center where the geographic unit resides.</attrdef></attr><attr xmlns=""><attrlabl Sync="TRUE">GEO_ID</attrlabl><attalias Sync="TRUE">Geo_ID</attalias><attrtype Sync="TRUE">Integer</attrtype><attwidth Sync="TRUE">4</attwidth><atprecis Sync="TRUE">10</atprecis><attscale Sync="TRUE">0</attscale><attrdef>An ID used to relate the table COMP_PLAN_LU_DEVEL_CENTERS.</attrdef></attr><attr xmlns=""><attrlabl Sync="TRUE">SHAPE</attrlabl><attalias Sync="TRUE">SHAPE</attalias><attrtype Sync="TRUE">Geometry</attrtype><attwidth Sync="TRUE">4</attwidth><atprecis Sync="TRUE">0</atprecis><attscale Sync="TRUE">0</attscale><attrdef Sync="TRUE">Feature geometry.</attrdef><attrdefs Sync="TRUE">Esri</attrdefs><attrdomv><udom Sync="TRUE">Coordinates defining the features.</udom></attrdomv></attr><attr xmlns=""><attrlabl Sync="TRUE">SHAPE.AREA</attrlabl><attalias Sync="TRUE">SHAPE.AREA</attalias><attrtype Sync="TRUE">Double</attrtype><attwidth Sync="TRUE">0</attwidth><atprecis Sync="TRUE">0</atprecis><attscale Sync="TRUE">0</attscale></attr><attr xmlns=""><attrlabl Sync="TRUE">SHAPE.LEN</attrlabl><attalias Sync="TRUE">SHAPE.LEN</attalias><attrtype Sync="TRUE">Double</attrtype><attwidth Sync="TRUE">0</attwidth><atprecis Sync="TRUE">0</atprecis><attscale Sync="TRUE">0</attscale></attr></detailed></eainfo><mdDateSt Sync="TRUE">20170821</mdDateSt><mdContact xmlns=""><rpIndName> Na Yu or Harry Rado </rpIndName><rpOrgName>Department of Planning &amp; Zoning</rpOrgName><rpCntInfo xmlns=""><cntPhone><voiceNum tddtty="">(703) 324-1380</voiceNum></cntPhone></rpCntInfo></mdContact></metadata>
